INSERT INTO cavy.t_sys_config (code, code_value, name, add_time, add_user, update_time, update_user) VALUES ('init-database', 'cavy', '初始化数据库名称', null, null, null, null);
INSERT INTO cavy.t_sys_dict (code, name, add_time, add_user, update_time, update_user) VALUES ('ENABLE', '启用状态', null, null, null, null);
INSERT INTO cavy.t_sys_dict (code, name, add_time, add_user, update_time, update_user) VALUES ('MENU_TYPE', '菜单类型', null, null, null, null);
INSERT INTO cavy.t_sys_dict (code, name, add_time, add_user, update_time, update_user) VALUES ('IS_OR_NOT', '是否', '2024-08-17 22:08:39', 'admin', null, null);
INSERT INTO cavy.t_sys_dict (code, name, add_time, add_user, update_time, update_user) VALUES ('USER_STATUS', '用户状态', '2024-08-17 23:44:30', 'admin', null, null);
INSERT INTO cavy.t_sys_dict (code, name, add_time, add_user, update_time, update_user) VALUES ('TRADE_TYPE', '往来交易', '2024-09-25 23:24:16', 'admin', null, null);
INSERT INTO cavy.t_sys_dict (code, name, add_time, add_user, update_time, update_user) VALUES ('BUSS_TYPE', '交易事项', '2024-09-25 23:24:26', 'admin', null, null);
INSERT INTO cavy.t_sys_dict (code, name, add_time, add_user, update_time, update_user) VALUES ('RELATE_TYPE', '关系类型', '2024-09-26 23:24:26', 'admin', null, null);
INSERT INTO cavy.t_sys_dict_item (dic_id, item, label, add_time, add_user, update_time, update_user) VALUES ('1', '1', '启用', null, 'admin', null, null);
INSERT INTO cavy.t_sys_dict_item (dic_id, item, label, add_time, add_user, update_time, update_user) VALUES ('1', '0', '禁用', null, 'admin', null, null);
INSERT INTO cavy.t_sys_dict_item (dic_id, item, label, add_time, add_user, update_time, update_user) VALUES ('14', '1', '是', '2024-08-16 00:00:00', 'admin', null, null);
INSERT INTO cavy.t_sys_dict_item (dic_id, item, label, add_time, add_user, update_time, update_user) VALUES ('14', '0', '否', '2024-08-16 00:00:00', 'admin', null, null);
INSERT INTO cavy.t_sys_dict_item (dic_id, item, label, add_time, add_user, update_time, update_user) VALUES ('2', 'C', '菜单', '2024-08-16 00:00:00', 'admin', null, null);
INSERT INTO cavy.t_sys_dict_item (dic_id, item, label, add_time, add_user, update_time, update_user) VALUES ('2', 'M', '目录', '2024-08-16 00:00:00', 'admin', null, null);
INSERT INTO cavy.t_sys_dict_item (dic_id, item, label, add_time, add_user, update_time, update_user) VALUES ('2', 'Q', '权限', '2024-08-16 00:00:00', 'admin', null, null);
INSERT INTO cavy.t_sys_dict_item (dic_id, item, label, add_time, add_user, update_time, update_user) VALUES ('15', '3', '已冻结', '2024-08-17 23:45:25', 'admin', null, null);
INSERT INTO cavy.t_sys_dict_item (dic_id, item, label, add_time, add_user, update_time, update_user) VALUES ('15', '2', '已禁用', '2024-08-17 23:45:25', 'admin', null, null);
INSERT INTO cavy.t_sys_dict_item (dic_id, item, label, add_time, add_user, update_time, update_user) VALUES ('15', '1', '已使用', '2024-08-17 23:45:25', 'admin', null, null);
INSERT INTO cavy.t_sys_dict_item (dic_id, item, label, add_time, add_user, update_time, update_user) VALUES ('15', '0', '已新建', '2024-08-17 23:45:25', 'admin', null, null);
INSERT INTO cavy.t_sys_dict_item (dic_id, item, label, add_time, add_user, update_time, update_user) VALUES ('16', '1', '支出', '2024-09-25 23:25:17', 'admin', null, null);
INSERT INTO cavy.t_sys_dict_item (dic_id, item, label, add_time, add_user, update_time, update_user) VALUES ('16', '0', '收入', '2024-09-25 23:25:17', 'admin', null, null);
INSERT INTO cavy.t_sys_dict_item (dic_id, item, label, add_time, add_user, update_time, update_user) VALUES ('17', '1', '生日', '2024-09-25 23:26:23', 'admin', null, null);
INSERT INTO cavy.t_sys_dict_item (dic_id, item, label, add_time, add_user, update_time, update_user) VALUES ('17', '2', '结婚', '2024-09-25 23:26:23', 'admin', null, null);
INSERT INTO cavy.t_sys_dict_item (dic_id, item, label, add_time, add_user, update_time, update_user) VALUES ('17', '3', '乔迁', '2024-09-25 23:26:23', 'admin', null, null);
INSERT INTO cavy.t_sys_dict_item (dic_id, item, label, add_time, add_user, update_time, update_user) VALUES ('17', '4', '请客', '2024-09-25 23:26:23', 'admin', null, null);
INSERT INTO cavy.t_sys_dict_item (dic_id, item, label, add_time, add_user, update_time, update_user) VALUES ('18', '1', '亲戚', '2024-09-26 22:21:13', 'admin', null, null);
INSERT INTO cavy.t_sys_dict_item (dic_id, item, label, add_time, add_user, update_time, update_user) VALUES ('18', '2', '朋友', '2024-09-26 22:21:15', 'admin', null, null);
INSERT INTO cavy.t_sys_file (file_code, file_name, file_path, web_url, add_user, add_time, update_user, update_time) VALUES ('022a0c0c18505a1290081bfc06cf45af152261ab972b27a7f46d79b828169480', '15358071_large.png', '2021/31/31/15358071_large.png', 'http://193.149.161.195:9000/2021/31/31/15358071_large.png', null, null, null, null);
INSERT INTO cavy.t_sys_menu (menu_id, menu_code, menu_name, parent_id, menu_type, icon, url, hidden, weight, sort, is_default, add_time, add_user, update_time, update_user, status) VALUES (1, 'knowledge', '知识管理', 0, 'C', 'el-icon-reading', 'knowledge', 1, 4, 4, 1, '2024-01-01 00:00:00', null, null, null, 1);
INSERT INTO cavy.t_sys_menu (menu_id, menu_code, menu_name, parent_id, menu_type, icon, url, hidden, weight, sort, is_default, add_time, add_user, update_time, update_user, status) VALUES (2, 'main', '后台中心', 0, 'C', 'el-icon-house', 'main', 1, 1, 1, 1, '2024-01-01 00:00:00', null, null, null, 1);
INSERT INTO cavy.t_sys_menu (menu_id, menu_code, menu_name, parent_id, menu_type, icon, url, hidden, weight, sort, is_default, add_time, add_user, update_time, update_user, status) VALUES (3, 'order', '订单列表', 0, 'C', 'el-icon-s-order', 'order', 1, 6, 5, 1, '2024-01-01 00:00:00', null, null, null, 1);
INSERT INTO cavy.t_sys_menu (menu_id, menu_code, menu_name, parent_id, menu_type, icon, url, hidden, weight, sort, is_default, add_time, add_user, update_time, update_user, status) VALUES (4, 'article', '文章管理', 10, 'C', 'el-icon-tickets', 'knowledge/article', 1, null, 1, 1, '2024-01-01 00:00:00', null, null, null, 1);
INSERT INTO cavy.t_sys_menu (menu_id, menu_code, menu_name, parent_id, menu_type, icon, url, hidden, weight, sort, is_default, add_time, add_user, update_time, update_user, status) VALUES (5, 'category', '分类管理', 10, 'C', 'el-icon-menu', 'knowledge/category', 1, 2, 2, 1, '2024-01-01 00:00:00', null, null, null, 1);
INSERT INTO cavy.t_sys_menu (menu_id, menu_code, menu_name, parent_id, menu_type, icon, url, hidden, weight, sort, is_default, add_time, add_user, update_time, update_user, status) VALUES (6, 'user', '用户管理', 13, 'C', 'el-icon-user-solid', 'power/user', 1, 2, 1, 1, '2024-01-01 00:00:00', null, null, null, 1);
INSERT INTO cavy.t_sys_menu (menu_id, menu_code, menu_name, parent_id, menu_type, icon, url, hidden, weight, sort, is_default, add_time, add_user, update_time, update_user, status) VALUES (7, 'test2', '消息管理', 0, 'C', 'el-icon-message', 'message/websocket', 1, 5, 6, 1, '2024-01-01 00:00:00', null, null, null, 1);
INSERT INTO cavy.t_sys_menu (menu_id, menu_code, menu_name, parent_id, menu_type, icon, url, hidden, weight, sort, is_default, add_time, add_user, update_time, update_user, status) VALUES (8, 'test-3', '消息推送', 16, 'C', 'el-icon-chat-dot-square', 'message/websocket', 1, null, 1, 1, '2024-01-01 00:00:00', null, null, null, 1);
INSERT INTO cavy.t_sys_menu (menu_id, menu_code, menu_name, parent_id, menu_type, icon, url, hidden, weight, sort, is_default, add_time, add_user, update_time, update_user, status) VALUES (9, 'system', '系统管理', 0, 'C', 'el-icon-setting', 'system', 1, 2, 2, 1, '2024-01-01 00:00:00', null, null, null, 1);
INSERT INTO cavy.t_sys_menu (menu_id, menu_code, menu_name, parent_id, menu_type, icon, url, hidden, weight, sort, is_default, add_time, add_user, update_time, update_user, status) VALUES (10, 'file', '文件管理', 18, 'C', 'el-icon-file', 'system/file', 1, 9, 1, 1, '2024-01-01 00:00:00', null, null, null, 1);
INSERT INTO cavy.t_sys_menu (menu_id, menu_code, menu_name, parent_id, menu_type, icon, url, hidden, weight, sort, is_default, add_time, add_user, update_time, update_user, status) VALUES (11, 'questionanswer', '问答管理', 0, 'C', 'el-icon-question', 'questionanswer', 1, 7, 7, 1, '2024-01-01 00:00:00', null, null, null, 1);
INSERT INTO cavy.t_sys_menu (menu_id, menu_code, menu_name, parent_id, menu_type, icon, url, hidden, weight, sort, is_default, add_time, add_user, update_time, update_user, status) VALUES (12, 'label', '标签管理', 10, 'C', 'el-icon-collection-tag', 'knowledge/label', 1, 1, 3, 1, '2024-01-01 00:00:00', null, null, null, 1);
INSERT INTO cavy.t_sys_menu (menu_id, menu_code, menu_name, parent_id, menu_type, icon, url, hidden, weight, sort, is_default, add_time, add_user, update_time, update_user, status) VALUES (13, 'power', '权限管理', 0, 'C', 'el-icon-s-cooperation', 'power/power', 1, 3, 3, 1, '2024-01-01 00:00:00', null, null, null, 1);
INSERT INTO cavy.t_sys_menu (menu_id, menu_code, menu_name, parent_id, menu_type, icon, url, hidden, weight, sort, is_default, add_time, add_user, update_time, update_user, status) VALUES (14, 'menu', '菜单管理', 13, 'C', 'el-icon-s-operation', 'power/menu', 1, 2, 2, 1, '2024-01-01 00:00:00', null, null, null, 1);
INSERT INTO cavy.t_sys_menu (menu_id, menu_code, menu_name, parent_id, menu_type, icon, url, hidden, weight, sort, is_default, add_time, add_user, update_time, update_user, status) VALUES (15, 'role', '角色管理', 13, 'C', 'el-icon-files', 'power/role', 1, 3, 3, 1, '2024-01-01 00:00:00', null, null, null, 1);
INSERT INTO cavy.t_sys_menu (menu_id, menu_code, menu_name, parent_id, menu_type, icon, url, hidden, weight, sort, is_default, add_time, add_user, update_time, update_user, status) VALUES (21, 'dict', '字典管理', 9, 'C', 'el-icon-receiving', 'system/dict', 0, null, 1, 0, '2024-08-11 15:24:03', 'admin', '2024-08-11 15:56:32', 'admin', 1);
INSERT INTO cavy.t_sys_menu (menu_id, menu_code, menu_name, parent_id, menu_type, icon, url, hidden, weight, sort, is_default, add_time, add_user, update_time, update_user, status) VALUES (22, '213', '213', 1, 'C', 'el-icon-delete-solid', 'knowledge/213', 0, null, 1, 0, '2024-08-11 16:03:35', 'admin', null, null, 1);
INSERT INTO cavy.t_sys_menu (menu_id, menu_code, menu_name, parent_id, menu_type, icon, url, hidden, weight, sort, is_default, add_time, add_user, update_time, update_user, status) VALUES (23, 'favour', '人情管理', 0, 'C', 'el-icon-goblet-full', 'favour', 0, 10, 10, 0, '2024-09-20 00:06:32', 'admin', null, null, 1);
INSERT INTO cavy.t_sys_menu (menu_id, menu_code, menu_name, parent_id, menu_type, icon, url, hidden, weight, sort, is_default, add_time, add_user, update_time, update_user, status) VALUES (24, 'relative', '亲友团', 23, 'C', 'el-icon-user', 'favour/relative', 0, null, 1, 0, '2024-09-20 00:08:22', 'admin', '2024-09-20 00:09:36', 'admin', 1);
INSERT INTO cavy.t_sys_menu (menu_id, menu_code, menu_name, parent_id, menu_type, icon, url, hidden, weight, sort, is_default, add_time, add_user, update_time, update_user, status) VALUES (25, 'record', '人情记录', 23, 'C', 'el-icon-tickets', 'favour/record', 0, null, 1, 0, '2024-09-20 00:09:05', 'admin', null, null, 1);
INSERT INTO cavy.t_sys_message (receiver, title, content, msg_level, add_time, add_user, update_time, update_user, status) VALUES ('admin', '天气这么热', '电饭锅电饭锅2', '1', '2024-01-01 00:00:00', 'admin', null, null, '1');
INSERT INTO cavy.t_sys_message (receiver, title, content, msg_level, add_time, add_user, update_time, update_user, status) VALUES ('admin', '明天要下雨', '阿大声道', '1', '2024-01-02 00:00:00', 'admin', null, null, '0');
INSERT INTO cavy.t_sys_message (receiver, title, content, msg_level, add_time, add_user, update_time, update_user, status) VALUES ('admin', 'asafdgfdg', 'dfgdfgsdfsdf', '1', '2024-07-28 00:00:00', 'admin', null, null, '0');
INSERT INTO cavy.t_sys_role (role_name, add_time, add_user, update_time, update_user) VALUES ('系统管理员', '2024-09-15 01:07:44', 'admin', '2024-09-15 02:26:48', 'admin');
INSERT INTO cavy.t_sys_role_menu (role_id, menu_id, add_time, add_user, update_time, update_user) VALUES (1744945155, 2, '2024-09-20 00:36:13', 'admin', null, null);
INSERT INTO cavy.t_sys_role_menu (role_id, menu_id, add_time, add_user, update_time, update_user) VALUES (1744945155, 9, '2024-09-20 00:36:13', 'admin', null, null);
INSERT INTO cavy.t_sys_role_menu (role_id, menu_id, add_time, add_user, update_time, update_user) VALUES (1744945155, 21, '2024-09-20 00:36:13', 'admin', null, null);
INSERT INTO cavy.t_sys_role_menu (role_id, menu_id, add_time, add_user, update_time, update_user) VALUES (1744945155, 13, '2024-09-20 00:36:13', 'admin', null, null);
INSERT INTO cavy.t_sys_role_menu (role_id, menu_id, add_time, add_user, update_time, update_user) VALUES (1744945155, 6, '2024-09-20 00:36:13', 'admin', null, null);
INSERT INTO cavy.t_sys_role_menu (role_id, menu_id, add_time, add_user, update_time, update_user) VALUES (1744945155, 14, '2024-09-20 00:36:13', 'admin', null, null);
INSERT INTO cavy.t_sys_role_menu (role_id, menu_id, add_time, add_user, update_time, update_user) VALUES (1744945155, 15, '2024-09-20 00:36:13', 'admin', null, null);
INSERT INTO cavy.t_sys_role_menu (role_id, menu_id, add_time, add_user, update_time, update_user) VALUES (1744945155, 1, '2024-09-20 00:36:13', 'admin', null, null);
INSERT INTO cavy.t_sys_role_menu (role_id, menu_id, add_time, add_user, update_time, update_user) VALUES (1744945155, 22, '2024-09-20 00:36:13', 'admin', null, null);
INSERT INTO cavy.t_sys_role_menu (role_id, menu_id, add_time, add_user, update_time, update_user) VALUES (1744945155, 7, '2024-09-20 00:36:13', 'admin', null, null);
INSERT INTO cavy.t_sys_role_menu (role_id, menu_id, add_time, add_user, update_time, update_user) VALUES (1744945155, 3, '2024-09-20 00:36:13', 'admin', null, null);
INSERT INTO cavy.t_sys_role_menu (role_id, menu_id, add_time, add_user, update_time, update_user) VALUES (1744945155, 11, '2024-09-20 00:36:13', 'admin', null, null);
INSERT INTO cavy.t_sys_role_menu (role_id, menu_id, add_time, add_user, update_time, update_user) VALUES (1744945155, 23, '2024-09-20 00:36:13', 'admin', null, null);
INSERT INTO cavy.t_sys_role_menu (role_id, menu_id, add_time, add_user, update_time, update_user) VALUES (1744945155, 24, '2024-09-20 00:36:13', 'admin', null, null);
INSERT INTO cavy.t_sys_role_menu (role_id, menu_id, add_time, add_user, update_time, update_user) VALUES (1744945155, 25, '2024-09-20 00:36:13', 'admin', null, null);
INSERT INTO cavy.t_sys_user (user_name, pwd, openid, real_name, gender, phone, email, status, add_time, add_user, update_time, update_user, default_user) VALUES ('admin', ' 123', null, '超级管理员', 1, '15544443333', 'admin@qq.com', '1', '2021-07-05 14:55:38', 'admin', '2024-09-19 22:36:31', 'admin', '0');
INSERT INTO cavy.t_sys_user (user_name, pwd, openid, real_name, gender, phone, email, status, add_time, add_user, update_time, update_user, default_user) VALUES ('zhangsan', '123', null, '张三', 1, null, null, '1', null, null, null, null, '0');
INSERT INTO cavy.t_sys_user (user_name, pwd, openid, real_name, gender, phone, email, status, add_time, add_user, update_time, update_user, default_user) VALUES ('0a3mKLll2MrYce4gqill2Q0Zp13mKLl8', null, '0a3mKLll2MrYce4gqill2Q0Zp13mKLl8', '微信用户', null, null, null, '1', '2024-09-25 22:53:40', null, null, null, null);
INSERT INTO cavy.t_sys_user (user_name, pwd, openid, real_name, gender, phone, email, status, add_time, add_user, update_time, update_user, default_user) VALUES ('0a3EXr000SKnUS1FZT000kfcMQ1EXr0B', null, '0a3EXr000SKnUS1FZT000kfcMQ1EXr0B', '微信用户', null, null, null, '1', '2024-09-26 22:33:21', null, null, null, null);
INSERT INTO cavy.t_sys_user (user_name, pwd, openid, real_name, gender, phone, email, status, add_time, add_user, update_time, update_user, default_user) VALUES ('0d3Vbs000RYnUS19cM200LSYlc2Vbs0n', null, '0d3Vbs000RYnUS19cM200LSYlc2Vbs0n', null, null, null, null, '1', '2024-09-27 23:44:10', '0a3EXr000SKnUS1FZT000kfcMQ1EXr0B', null, null, null);
INSERT INTO cavy.t_sys_user (user_name, pwd, openid, real_name, gender, phone, email, status, add_time, add_user, update_time, update_user, default_user) VALUES ('o-Fsu5w-gJjGuLCdjbEvVxnTZCAA', null, 'o-Fsu5w-gJjGuLCdjbEvVxnTZCAA', null, null, null, null, '1', '2024-09-28 00:06:56', null, null, null, null);
INSERT INTO cavy.t_sys_user_menu (user_id, menu_id, add_time, add_user, update_time, update_user) VALUES (2, 1, null, null, null, null);
INSERT INTO cavy.t_sys_user_menu (user_id, menu_id, add_time, add_user, update_time, update_user) VALUES (2, 2, null, null, null, null);
INSERT INTO cavy.t_sys_user_menu (user_id, menu_id, add_time, add_user, update_time, update_user) VALUES (2, 3, null, null, null, null);
INSERT INTO cavy.t_sys_user_menu (user_id, menu_id, add_time, add_user, update_time, update_user) VALUES (2, 4, null, null, null, null);
INSERT INTO cavy.t_sys_user_menu (user_id, menu_id, add_time, add_user, update_time, update_user) VALUES (2, 5, null, null, null, null);
INSERT INTO cavy.t_sys_user_menu (user_id, menu_id, add_time, add_user, update_time, update_user) VALUES (2, 6, null, null, null, null);
INSERT INTO cavy.t_sys_user_menu (user_id, menu_id, add_time, add_user, update_time, update_user) VALUES (2, 7, null, null, null, null);
INSERT INTO cavy.t_sys_user_menu (user_id, menu_id, add_time, add_user, update_time, update_user) VALUES (2, 8, null, null, null, null);
INSERT INTO cavy.t_sys_user_menu (user_id, menu_id, add_time, add_user, update_time, update_user) VALUES (2, 9, null, null, null, null);
INSERT INTO cavy.t_sys_user_menu (user_id, menu_id, add_time, add_user, update_time, update_user) VALUES (2, 10, null, null, null, null);
INSERT INTO cavy.t_sys_user_menu (user_id, menu_id, add_time, add_user, update_time, update_user) VALUES (2, 11, null, null, null, null);
INSERT INTO cavy.t_sys_user_menu (user_id, menu_id, add_time, add_user, update_time, update_user) VALUES (2, 12, null, null, null, null);
INSERT INTO cavy.t_sys_user_menu (user_id, menu_id, add_time, add_user, update_time, update_user) VALUES (2, 13, null, null, null, null);
INSERT INTO cavy.t_sys_user_menu (user_id, menu_id, add_time, add_user, update_time, update_user) VALUES (2, 14, null, null, null, null);
INSERT INTO cavy.t_sys_user_menu (user_id, menu_id, add_time, add_user, update_time, update_user) VALUES (2, 15, null, null, null, null);
INSERT INTO cavy.t_sys_user_menu (user_id, menu_id, add_time, add_user, update_time, update_user) VALUES (2, 21, null, null, null, null);
INSERT INTO cavy.t_sys_user_role (user_id, role_id) VALUES (1, 1744945155);
